flight_id,drone_id,timestamp,lat,lon,alt,battery
457d9dcb-63a4-48cd-9261-07c532d28e4f,1,1763494513.534586,12.977769999999767,77.60077000000196,10,79.4899999999993
457d9dcb-63a4-48cd-9261-07c532d28e4f,1,1763494514.0369408,12.977779999999767,77.60078000000196,10,79.4599999999993
457d9dcb-63a4-48cd-9261-07c532d28e4f,1,1763494514.5532038,12.977789999999766,77.60079000000196,10,79.4299999999993
457d9dcb-63a4-48cd-9261-07c532d28e4f,1,1763494515.0638895,12.977799999999766,77.60080000000197,10,79.3999999999993
457d9dcb-63a4-48cd-9261-07c532d28e4f,1,1763494515.5656948,12.977809999999765,77.60081000000197,10,79.3699999999993
457d9dcb-63a4-48cd-9261-07c532d28e4f,1,1763494516.0813959,12.977819999999765,77.60082000000197,10,79.33999999999929
457d9dcb-63a4-48cd-9261-07c532d28e4f,1,1763494516.5821307,12.977829999999765,77.60083000000198,10,79.30999999999929
457d9dcb-63a4-48cd-9261-07c532d28e4f,1,1763494517.0988905,12.977839999999764,77.60084000000198,10,79.27999999999929
457d9dcb-63a4-48cd-9261-07c532d28e4f,1,1763494517.5991414,12.977849999999764,77.60085000000198,10,79.24999999999929
457d9dcb-63a4-48cd-9261-07c532d28e4f,1,1763494518.1115966,12.977859999999763,77.60086000000199,10,79.21999999999929
457d9dcb-63a4-48cd-9261-07c532d28e4f,1,1763494518.629119,12.977869999999763,77.60087000000199,10,79.18999999999929
457d9dcb-63a4-48cd-9261-07c532d28e4f,1,1763494519.1268666,12.977879999999763,77.600880000002,10,79.15999999999929
457d9dcb-63a4-48cd-9261-07c532d28e4f,1,1763494519.6427271,12.977889999999762,77.600890000002,10,79.12999999999928
457d9dcb-63a4-48cd-9261-07c532d28e4f,1,1763494520.1566775,12.977899999999762,77.600900000002,10,79.09999999999928
457d9dcb-63a4-48cd-9261-07c532d28e4f,1,1763494520.6713097,12.977909999999762,77.600910000002,10,79.06999999999928
457d9dcb-63a4-48cd-9261-07c532d28e4f,1,1763494521.2003043,12.977919999999761,77.600920000002,10,79.03999999999928
457d9dcb-63a4-48cd-9261-07c532d28e4f,1,1763494521.68559,12.97792999999976,77.60093000000201,10,79.00999999999928
457d9dcb-63a4-48cd-9261-07c532d28e4f,1,1763494522.2138915,12.97793999999976,77.60094000000201,10,78.97999999999928
457d9dcb-63a4-48cd-9261-07c532d28e4f,1,1763494522.7282605,12.97794999999976,77.60095000000202,10,78.94999999999928
457d9dcb-63a4-48cd-9261-07c532d28e4f,1,1763494523.2297099,12.97795999999976,77.60096000000202,10,78.91999999999928
457d9dcb-63a4-48cd-9261-07c532d28e4f,1,1763494523.7284427,12.97796999999976,77.60097000000202,10,78.88999999999928
457d9dcb-63a4-48cd-9261-07c532d28e4f,1,1763494524.2237697,12.977979999999759,77.60098000000202,10,78.85999999999927
457d9dcb-63a4-48cd-9261-07c532d28e4f,1,1763494524.7402775,12.977989999999759,77.60099000000203,10,78.82999999999927
457d9dcb-63a4-48cd-9261-07c532d28e4f,1,1763494525.2537186,12.977999999999758,77.60100000000203,10,78.79999999999927
457d9dcb-63a4-48cd-9261-07c532d28e4f,1,1763494525.7575238,12.978009999999758,77.60101000000203,10,78.76999999999927
457d9dcb-63a4-48cd-9261-07c532d28e4f,1,1763494526.2720954,12.978019999999757,77.60102000000204,10,78.73999999999927
457d9dcb-63a4-48cd-9261-07c532d28e4f,1,1763494526.7707295,12.978029999999757,77.60103000000204,10,78.70999999999927
457d9dcb-63a4-48cd-9261-07c532d28e4f,1,1763494527.277384,12.978039999999757,77.60104000000204,10,78.67999999999927
457d9dcb-63a4-48cd-9261-07c532d28e4f,1,1763494527.7940729,12.978049999999756,77.60105000000205,10,78.64999999999927
457d9dcb-63a4-48cd-9261-07c532d28e4f,1,1763494528.3063755,12.978059999999756,77.60106000000205,10,78.61999999999927
457d9dcb-63a4-48cd-9261-07c532d28e4f,1,1763494528.8194127,12.978069999999756,77.60107000000205,10,78.58999999999926
457d9dcb-63a4-48cd-9261-07c532d28e4f,1,1763494529.317548,12.978079999999755,77.60108000000206,10,78.55999999999926
457d9dcb-63a4-48cd-9261-07c532d28e4f,1,1763494529.8337095,12.978089999999755,77.60109000000206,10,78.52999999999926
457d9dcb-63a4-48cd-9261-07c532d28e4f,1,1763494530.334683,12.978099999999754,77.60110000000206,10,78.49999999999926
457d9dcb-63a4-48cd-9261-07c532d28e4f,1,1763494530.8354008,12.978109999999754,77.60111000000207,10,78.46999999999926
457d9dcb-63a4-48cd-9261-07c532d28e4f,1,1763494531.3475277,12.978119999999754,77.60112000000207,10,78.43999999999926
457d9dcb-63a4-48cd-9261-07c532d28e4f,1,1763494531.8631055,12.978129999999753,77.60113000000207,10,78.40999999999926
457d9dcb-63a4-48cd-9261-07c532d28e4f,1,1763494532.364552,12.978139999999753,77.60114000000208,10,78.37999999999926
457d9dcb-63a4-48cd-9261-07c532d28e4f,1,1763494532.8734567,12.978149999999752,77.60115000000208,10,78.34999999999926
457d9dcb-63a4-48cd-9261-07c532d28e4f,1,1763494533.3729153,12.978159999999752,77.60116000000208,10,78.31999999999925
457d9dcb-63a4-48cd-9261-07c532d28e4f,1,1763494533.8732724,12.978169999999752,77.60117000000209,10,78.28999999999925
457d9dcb-63a4-48cd-9261-07c532d28e4f,1,1763494534.3649936,12.978179999999751,77.60118000000209,10,78.25999999999925
457d9dcb-63a4-48cd-9261-07c532d28e4f,1,1763494534.8750026,12.978189999999751,77.60119000000209,10,78.22999999999925
457d9dcb-63a4-48cd-9261-07c532d28e4f,1,1763494535.3903127,12.97819999999975,77.6012000000021,10,78.19999999999925
457d9dcb-63a4-48cd-9261-07c532d28e4f,1,1763494535.9154477,12.97820999999975,77.6012100000021,10,78.16999999999925
457d9dcb-63a4-48cd-9261-07c532d28e4f,1,1763494536.417666,12.97821999999975,77.6012200000021,10,78.13999999999925
457d9dcb-63a4-48cd-9261-07c532d28e4f,1,1763494536.9044604,12.97822999999975,77.6012300000021,10,78.10999999999925
457d9dcb-63a4-48cd-9261-07c532d28e4f,1,1763494537.4319794,12.978239999999749,77.60124000000211,10,78.07999999999925
457d9dcb-63a4-48cd-9261-07c532d28e4f,1,1763494537.9489346,12.978249999999749,77.60125000000211,10,78.04999999999924
457d9dcb-63a4-48cd-9261-07c532d28e4f,1,1763494538.4627807,12.978259999999748,77.60126000000211,10,78.01999999999924
457d9dcb-63a4-48cd-9261-07c532d28e4f,1,1763494538.9591079,12.978269999999748,77.60127000000212,10,77.98999999999924
457d9dcb-63a4-48cd-9261-07c532d28e4f,1,1763494539.4735909,12.978279999999748,77.60128000000212,10,77.95999999999924
457d9dcb-63a4-48cd-9261-07c532d28e4f,1,1763494539.9871757,12.978289999999747,77.60129000000212,10,77.92999999999924
457d9dcb-63a4-48cd-9261-07c532d28e4f,1,1763494540.486052,12.978299999999747,77.60130000000213,10,77.89999999999924
457d9dcb-63a4-48cd-9261-07c532d28e4f,1,1763494540.9996386,12.978309999999746,77.60131000000213,10,77.86999999999924
457d9dcb-63a4-48cd-9261-07c532d28e4f,1,1763494541.4984217,12.978319999999746,77.60132000000213,10,77.83999999999924
457d9dcb-63a4-48cd-9261-07c532d28e4f,1,1763494542.0197296,12.978329999999746,77.60133000000214,10,77.80999999999923
457d9dcb-63a4-48cd-9261-07c532d28e4f,1,1763494542.53131,12.978339999999745,77.60134000000214,10,77.77999999999923
457d9dcb-63a4-48cd-9261-07c532d28e4f,1,1763494543.0164435,12.978349999999745,77.60135000000214,10,77.74999999999923
457d9dcb-63a4-48cd-9261-07c532d28e4f,1,1763494543.5423756,12.978359999999745,77.60136000000215,10,77.71999999999923
457d9dcb-63a4-48cd-9261-07c532d28e4f,1,1763494544.014737,12.978369999999744,77.60137000000215,10,77.68999999999923
457d9dcb-63a4-48cd-9261-07c532d28e4f,1,1763494544.5164738,12.978379999999744,77.60138000000215,10,77.65999999999923
457d9dcb-63a4-48cd-9261-07c532d28e4f,1,1763494545.0278277,12.978389999999743,77.60139000000216,10,77.62999999999923
457d9dcb-63a4-48cd-9261-07c532d28e4f,1,1763494545.5160997,12.978399999999743,77.60140000000216,10,77.59999999999923
457d9dcb-63a4-48cd-9261-07c532d28e4f,1,1763494546.0286512,12.978409999999743,77.60141000000216,10,77.56999999999923
457d9dcb-63a4-48cd-9261-07c532d28e4f,1,1763494546.5614858,12.978419999999742,77.60142000000216,10,77.53999999999922
457d9dcb-63a4-48cd-9261-07c532d28e4f,1,1763494547.0751073,12.978429999999742,77.60143000000217,10,77.50999999999922
457d9dcb-63a4-48cd-9261-07c532d28e4f,1,1763494547.5858696,12.978439999999742,77.60144000000217,10,77.47999999999922
457d9dcb-63a4-48cd-9261-07c532d28e4f,1,1763494548.070786,12.978449999999741,77.60145000000217,10,77.44999999999922
457d9dcb-63a4-48cd-9261-07c532d28e4f,1,1763494548.5928383,12.97845999999974,77.60146000000218,10,77.41999999999922
457d9dcb-63a4-48cd-9261-07c532d28e4f,1,1763494549.115351,12.97846999999974,77.60147000000218,10,77.38999999999922
457d9dcb-63a4-48cd-9261-07c532d28e4f,1,1763494549.647963,12.97847999999974,77.60148000000218,10,77.35999999999922
457d9dcb-63a4-48cd-9261-07c532d28e4f,1,1763494550.1745548,12.97848999999974,77.60149000000219,10,77.32999999999922
457d9dcb-63a4-48cd-9261-07c532d28e4f,1,1763494550.6946454,12.97849999999974,77.60150000000219,10,77.29999999999922
457d9dcb-63a4-48cd-9261-07c532d28e4f,1,1763494551.209316,12.978509999999739,77.6015100000022,10,77.26999999999921
457d9dcb-63a4-48cd-9261-07c532d28e4f,1,1763494551.7264752,12.978519999999738,77.6015200000022,10,77.23999999999921
457d9dcb-63a4-48cd-9261-07c532d28e4f,1,1763494552.2426605,12.978529999999738,77.6015300000022,10,77.20999999999921
457d9dcb-63a4-48cd-9261-07c532d28e4f,1,1763494552.7525365,12.978539999999738,77.6015400000022,10,77.17999999999921
457d9dcb-63a4-48cd-9261-07c532d28e4f,1,1763494553.2607734,12.978549999999737,77.6015500000022,10,77.14999999999921
457d9dcb-63a4-48cd-9261-07c532d28e4f,1,1763494553.76968,12.978559999999737,77.60156000000221,10,77.11999999999921
457d9dcb-63a4-48cd-9261-07c532d28e4f,1,1763494554.2670684,12.978569999999737,77.60157000000221,10,77.08999999999921
457d9dcb-63a4-48cd-9261-07c532d28e4f,1,1763494554.7815807,12.978579999999736,77.60158000000222,10,77.0599999999992
457d9dcb-63a4-48cd-9261-07c532d28e4f,1,1763494555.2981398,12.978589999999736,77.60159000000222,10,77.0299999999992
457d9dcb-63a4-48cd-9261-07c532d28e4f,1,1763494555.8089814,12.978599999999735,77.60160000000222,10,76.9999999999992
457d9dcb-63a4-48cd-9261-07c532d28e4f,1,1763494556.3226125,12.978609999999735,77.60161000000222,10,76.9699999999992
457d9dcb-63a4-48cd-9261-07c532d28e4f,1,1763494556.8395128,12.978619999999735,77.60162000000223,10,76.9399999999992
457d9dcb-63a4-48cd-9261-07c532d28e4f,1,1763494557.353025,12.978629999999734,77.60163000000223,10,76.9099999999992
457d9dcb-63a4-48cd-9261-07c532d28e4f,1,1763494557.8632972,12.978639999999734,77.60164000000223,10,76.8799999999992
457d9dcb-63a4-48cd-9261-07c532d28e4f,1,1763494558.3788586,12.978649999999734,77.60165000000224,10,76.8499999999992
457d9dcb-63a4-48cd-9261-07c532d28e4f,1,1763494558.9005089,12.978659999999733,77.60166000000224,10,76.8199999999992
457d9dcb-63a4-48cd-9261-07c532d28e4f,1,1763494559.410811,12.978669999999733,77.60167000000224,10,76.7899999999992
457d9dcb-63a4-48cd-9261-07c532d28e4f,1,1763494559.907604,12.978679999999732,77.60168000000225,10,76.7599999999992
457d9dcb-63a4-48cd-9261-07c532d28e4f,1,1763494560.416076,12.978689999999732,77.60169000000225,10,76.7299999999992
457d9dcb-63a4-48cd-9261-07c532d28e4f,1,1763494560.9249847,12.978699999999732,77.60170000000225,10,76.69999999999919
457d9dcb-63a4-48cd-9261-07c532d28e4f,1,1763494561.4700835,12.978709999999731,77.60171000000226,10,76.66999999999919
457d9dcb-63a4-48cd-9261-07c532d28e4f,1,1763494561.9920917,12.978719999999731,77.60172000000226,10,76.63999999999919
457d9dcb-63a4-48cd-9261-07c532d28e4f,1,1763494562.4884918,12.97872999999973,77.60173000000226,10,76.60999999999919
457d9dcb-63a4-48cd-9261-07c532d28e4f,1,1763494563.0340793,12.97873999999973,77.60174000000227,10,76.57999999999919
457d9dcb-63a4-48cd-9261-07c532d28e4f,1,1763494563.548588,12.97874999999973,77.60175000000227,10,76.54999999999919
457d9dcb-63a4-48cd-9261-07c532d28e4f,1,1763494564.045507,12.97875999999973,77.60176000000227,10,76.51999999999919
457d9dcb-63a4-48cd-9261-07c532d28e4f,1,1763494564.5830374,12.978769999999729,77.60177000000228,10,76.48999999999918
457d9dcb-63a4-48cd-9261-07c532d28e4f,1,1763494565.0958707,12.978779999999729,77.60178000000228,10,76.45999999999918
457d9dcb-63a4-48cd-9261-07c532d28e4f,1,1763494565.6093225,12.978789999999728,77.60179000000228,10,76.42999999999918
457d9dcb-63a4-48cd-9261-07c532d28e4f,1,1763494566.1341364,12.978799999999728,77.60180000000229,10,76.39999999999918
457d9dcb-63a4-48cd-9261-07c532d28e4f,1,1763494566.6353157,12.978809999999728,77.60181000000229,10,76.36999999999918
457d9dcb-63a4-48cd-9261-07c532d28e4f,1,1763494567.1520946,12.978819999999727,77.60182000000229,10,76.33999999999918
457d9dcb-63a4-48cd-9261-07c532d28e4f,1,1763494567.670526,12.978829999999727,77.6018300000023,10,76.30999999999918
457d9dcb-63a4-48cd-9261-07c532d28e4f,1,1763494568.1851213,12.978839999999726,77.6018400000023,10,76.27999999999918
457d9dcb-63a4-48cd-9261-07c532d28e4f,1,1763494568.701348,12.978849999999726,77.6018500000023,10,76.24999999999918
457d9dcb-63a4-48cd-9261-07c532d28e4f,1,1763494569.2138705,12.978859999999726,77.6018600000023,10,76.21999999999917
457d9dcb-63a4-48cd-9261-07c532d28e4f,1,1763494569.6900785,12.978869999999725,77.60187000000231,10,76.18999999999917
457d9dcb-63a4-48cd-9261-07c532d28e4f,1,1763494570.1934242,12.978879999999725,77.60188000000231,10,76.15999999999917
457d9dcb-63a4-48cd-9261-07c532d28e4f,1,1763494570.707997,12.978889999999724,77.60189000000231,10,76.12999999999917
457d9dcb-63a4-48cd-9261-07c532d28e4f,1,1763494571.2218962,12.978899999999724,77.60190000000232,10,76.09999999999917
457d9dcb-63a4-48cd-9261-07c532d28e4f,1,1763494571.7391384,12.978909999999724,77.60191000000232,10,76.06999999999917
457d9dcb-63a4-48cd-9261-07c532d28e4f,1,1763494572.2536178,12.978919999999723,77.60192000000232,10,76.03999999999917
457d9dcb-63a4-48cd-9261-07c532d28e4f,1,1763494572.7513287,12.978929999999723,77.60193000000233,10,76.00999999999917
457d9dcb-63a4-48cd-9261-07c532d28e4f,1,1763494573.2627656,12.978939999999723,77.60194000000233,10,75.97999999999917
457d9dcb-63a4-48cd-9261-07c532d28e4f,1,1763494573.7675521,12.978949999999722,77.60195000000233,10,75.94999999999916
457d9dcb-63a4-48cd-9261-07c532d28e4f,1,1763494574.2796202,12.978959999999722,77.60196000000234,10,75.91999999999916
457d9dcb-63a4-48cd-9261-07c532d28e4f,1,1763494574.8086307,12.978969999999721,77.60197000000234,10,75.88999999999916
457d9dcb-63a4-48cd-9261-07c532d28e4f,1,1763494575.3207698,12.978979999999721,77.60198000000234,10,75.85999999999916
457d9dcb-63a4-48cd-9261-07c532d28e4f,1,1763494575.835505,12.97898999999972,77.60199000000235,10,75.82999999999916
457d9dcb-63a4-48cd-9261-07c532d28e4f,1,1763494576.3353796,12.97899999999972,77.60200000000235,10,75.79999999999916
457d9dcb-63a4-48cd-9261-07c532d28e4f,1,1763494576.8516867,12.97900999999972,77.60201000000235,10,75.76999999999916
457d9dcb-63a4-48cd-9261-07c532d28e4f,1,1763494577.3536432,12.97901999999972,77.60202000000236,10,75.73999999999916
457d9dcb-63a4-48cd-9261-07c532d28e4f,1,1763494577.8576283,12.97902999999972,77.60203000000236,10,75.70999999999916
457d9dcb-63a4-48cd-9261-07c532d28e4f,1,1763494578.3650863,12.979039999999719,77.60204000000236,10,75.67999999999915
457d9dcb-63a4-48cd-9261-07c532d28e4f,1,1763494578.883086,12.979049999999718,77.60205000000236,10,75.64999999999915
457d9dcb-63a4-48cd-9261-07c532d28e4f,1,1763494579.37276,12.979059999999718,77.60206000000237,10,75.61999999999915
457d9dcb-63a4-48cd-9261-07c532d28e4f,1,1763494579.8759484,12.979069999999718,77.60207000000237,10,75.58999999999915
457d9dcb-63a4-48cd-9261-07c532d28e4f,1,1763494580.3948102,12.979079999999717,77.60208000000237,10,75.55999999999915
457d9dcb-63a4-48cd-9261-07c532d28e4f,1,1763494580.8974552,12.979089999999717,77.60209000000238,10,75.52999999999915
457d9dcb-63a4-48cd-9261-07c532d28e4f,1,1763494581.4011877,12.979099999999717,77.60210000000238,10,75.49999999999915
457d9dcb-63a4-48cd-9261-07c532d28e4f,1,1763494581.9049356,12.979109999999716,77.60211000000238,10,75.46999999999915
457d9dcb-63a4-48cd-9261-07c532d28e4f,1,1763494582.4084797,12.979119999999716,77.60212000000239,10,75.43999999999915
457d9dcb-63a4-48cd-9261-07c532d28e4f,1,1763494582.897431,12.979129999999715,77.60213000000239,10,75.40999999999914
457d9dcb-63a4-48cd-9261-07c532d28e4f,1,1763494583.4035327,12.979139999999715,77.6021400000024,10,75.37999999999914
457d9dcb-63a4-48cd-9261-07c532d28e4f,1,1763494583.9204302,12.979149999999715,77.6021500000024,10,75.34999999999914
457d9dcb-63a4-48cd-9261-07c532d28e4f,1,1763494584.42864,12.979159999999714,77.6021600000024,10,75.31999999999914
457d9dcb-63a4-48cd-9261-07c532d28e4f,1,1763494584.9357445,12.979169999999714,77.6021700000024,10,75.28999999999914
457d9dcb-63a4-48cd-9261-07c532d28e4f,1,1763494585.4375136,12.979179999999714,77.6021800000024,10,75.25999999999914
457d9dcb-63a4-48cd-9261-07c532d28e4f,1,1763494585.94489,12.979189999999713,77.60219000000241,10,75.22999999999914
457d9dcb-63a4-48cd-9261-07c532d28e4f,1,1763494586.450124,12.979199999999713,77.60220000000241,10,75.19999999999914
457d9dcb-63a4-48cd-9261-07c532d28e4f,1,1763494586.9578528,12.979209999999712,77.60221000000242,10,75.16999999999913
457d9dcb-63a4-48cd-9261-07c532d28e4f,1,1763494587.4514124,12.979219999999712,77.60222000000242,10,75.13999999999913
457d9dcb-63a4-48cd-9261-07c532d28e4f,1,1763494587.966882,12.979229999999712,77.60223000000242,10,75.10999999999913
457d9dcb-63a4-48cd-9261-07c532d28e4f,1,1763494588.488378,12.979239999999711,77.60224000000242,10,75.07999999999913
457d9dcb-63a4-48cd-9261-07c532d28e4f,1,1763494589.0133073,12.97924999999971,77.60225000000243,10,75.04999999999913
457d9dcb-63a4-48cd-9261-07c532d28e4f,1,1763494589.537226,12.97925999999971,77.60226000000243,10,75.01999999999913
457d9dcb-63a4-48cd-9261-07c532d28e4f,1,1763494590.0441895,12.97926999999971,77.60227000000243,10,74.98999999999913
457d9dcb-63a4-48cd-9261-07c532d28e4f,1,1763494590.5686648,12.97927999999971,77.60228000000244,10,74.95999999999913
457d9dcb-63a4-48cd-9261-07c532d28e4f,1,1763494591.0888712,12.97928999999971,77.60229000000244,10,74.92999999999913
457d9dcb-63a4-48cd-9261-07c532d28e4f,1,1763494591.5798502,12.979299999999709,77.60230000000244,10,74.89999999999912
457d9dcb-63a4-48cd-9261-07c532d28e4f,1,1763494592.089263,12.979309999999709,77.60231000000245,10,74.86999999999912
457d9dcb-63a4-48cd-9261-07c532d28e4f,1,1763494592.5838127,12.979319999999708,77.60232000000245,10,74.83999999999912
457d9dcb-63a4-48cd-9261-07c532d28e4f,1,1763494593.0926597,12.979329999999708,77.60233000000245,10,74.80999999999912
457d9dcb-63a4-48cd-9261-07c532d28e4f,1,1763494593.6089194,12.979339999999707,77.60234000000246,10,74.77999999999912
457d9dcb-63a4-48cd-9261-07c532d28e4f,1,1763494594.1169183,12.979349999999707,77.60235000000246,10,74.74999999999912
457d9dcb-63a4-48cd-9261-07c532d28e4f,1,1763494594.6284957,12.979359999999707,77.60236000000246,10,74.71999999999912
457d9dcb-63a4-48cd-9261-07c532d28e4f,1,1763494595.134788,12.979369999999706,77.60237000000247,10,74.68999999999912
457d9dcb-63a4-48cd-9261-07c532d28e4f,1,1763494595.6424453,12.979379999999706,77.60238000000247,10,74.65999999999912
457d9dcb-63a4-48cd-9261-07c532d28e4f,1,1763494596.168373,12.979389999999706,77.60239000000247,10,74.62999999999911
457d9dcb-63a4-48cd-9261-07c532d28e4f,1,1763494596.662484,12.979399999999705,77.60240000000248,10,74.59999999999911
457d9dcb-63a4-48cd-9261-07c532d28e4f,1,1763494597.1380033,12.979409999999705,77.60241000000248,10,74.56999999999911
457d9dcb-63a4-48cd-9261-07c532d28e4f,1,1763494597.6585076,12.979419999999704,77.60242000000248,10,74.53999999999911
457d9dcb-63a4-48cd-9261-07c532d28e4f,1,1763494598.1505327,12.979429999999704,77.60243000000249,10,74.50999999999911
457d9dcb-63a4-48cd-9261-07c532d28e4f,1,1763494598.642531,12.979439999999704,77.60244000000249,10,74.47999999999911
457d9dcb-63a4-48cd-9261-07c532d28e4f,1,1763494599.151898,12.979449999999703,77.60245000000249,10,74.44999999999911
457d9dcb-63a4-48cd-9261-07c532d28e4f,1,1763494599.6396525,12.979459999999703,77.6024600000025,10,74.4199999999991
457d9dcb-63a4-48cd-9261-07c532d28e4f,1,1763494600.1496558,12.979469999999703,77.6024700000025,10,74.3899999999991
457d9dcb-63a4-48cd-9261-07c532d28e4f,1,1763494600.6377325,12.979479999999702,77.6024800000025,10,74.3599999999991
457d9dcb-63a4-48cd-9261-07c532d28e4f,1,1763494601.1477876,12.979489999999702,77.6024900000025,10,74.3299999999991
457d9dcb-63a4-48cd-9261-07c532d28e4f,1,1763494601.6437771,12.979499999999701,77.60250000000251,10,74.2999999999991
457d9dcb-63a4-48cd-9261-07c532d28e4f,1,1763494602.1520793,12.979509999999701,77.60251000000251,10,74.2699999999991
457d9dcb-63a4-48cd-9261-07c532d28e4f,1,1763494602.6460836,12.9795199999997,77.60252000000251,10,74.2399999999991
457d9dcb-63a4-48cd-9261-07c532d28e4f,1,1763494603.1397407,12.9795299999997,77.60253000000252,10,74.2099999999991
457d9dcb-63a4-48cd-9261-07c532d28e4f,1,1763494603.6660914,12.9795399999997,77.60254000000252,10,74.1799999999991
457d9dcb-63a4-48cd-9261-07c532d28e4f,1,1763494604.140374,12.9795499999997,77.60255000000252,10,74.1499999999991
457d9dcb-63a4-48cd-9261-07c532d28e4f,1,1763494604.650813,12.9795599999997,77.60256000000253,10,74.1199999999991
457d9dcb-63a4-48cd-9261-07c532d28e4f,1,1763494605.153715,12.979569999999699,77.60257000000253,10,74.0899999999991
457d9dcb-63a4-48cd-9261-07c532d28e4f,1,1763494605.6607091,12.979579999999698,77.60258000000253,10,74.05999999999909
457d9dcb-63a4-48cd-9261-07c532d28e4f,1,1763494606.1543214,12.979589999999698,77.60259000000254,10,74.02999999999909
457d9dcb-63a4-48cd-9261-07c532d28e4f,1,1763494606.6457038,12.979599999999698,77.60260000000254,10,73.99999999999909
457d9dcb-63a4-48cd-9261-07c532d28e4f,1,1763494607.1469839,12.979609999999697,77.60261000000254,10,73.96999999999909
457d9dcb-63a4-48cd-9261-07c532d28e4f,1,1763494607.648371,12.979619999999697,77.60262000000255,10,73.93999999999909
457d9dcb-63a4-48cd-9261-07c532d28e4f,1,1763494608.1547034,12.979629999999696,77.60263000000255,10,73.90999999999909
457d9dcb-63a4-48cd-9261-07c532d28e4f,1,1763494608.6538012,12.979639999999696,77.60264000000255,10,73.87999999999909
457d9dcb-63a4-48cd-9261-07c532d28e4f,1,1763494609.1640663,12.979649999999696,77.60265000000255,10,73.84999999999908
457d9dcb-63a4-48cd-9261-07c532d28e4f,1,1763494609.6568105,12.979659999999695,77.60266000000256,10,73.81999999999908
457d9dcb-63a4-48cd-9261-07c532d28e4f,1,1763494610.1657934,12.979669999999695,77.60267000000256,10,73.78999999999908
457d9dcb-63a4-48cd-9261-07c532d28e4f,1,1763494610.661217,12.979679999999695,77.60268000000256,10,73.75999999999908
457d9dcb-63a4-48cd-9261-07c532d28e4f,1,1763494611.1575825,12.979689999999694,77.60269000000257,10,73.72999999999908
457d9dcb-63a4-48cd-9261-07c532d28e4f,1,1763494611.6643622,12.979699999999694,77.60270000000257,10,73.69999999999908
457d9dcb-63a4-48cd-9261-07c532d28e4f,1,1763494612.178217,12.979709999999693,77.60271000000257,10,73.66999999999908
457d9dcb-63a4-48cd-9261-07c532d28e4f,1,1763494612.6884618,12.979719999999693,77.60272000000258,10,73.63999999999908
457d9dcb-63a4-48cd-9261-07c532d28e4f,1,1763494613.2037723,12.979729999999693,77.60273000000258,10,73.60999999999908
457d9dcb-63a4-48cd-9261-07c532d28e4f,1,1763494613.7025862,12.979739999999692,77.60274000000258,10,73.57999999999907
457d9dcb-63a4-48cd-9261-07c532d28e4f,1,1763494614.2273822,12.979749999999692,77.60275000000259,10,73.54999999999907
457d9dcb-63a4-48cd-9261-07c532d28e4f,1,1763494614.724732,12.979759999999692,77.60276000000259,10,73.51999999999907
457d9dcb-63a4-48cd-9261-07c532d28e4f,1,1763494615.2358754,12.979769999999691,77.6027700000026,10,73.48999999999907
457d9dcb-63a4-48cd-9261-07c532d28e4f,1,1763494615.7481835,12.97977999999969,77.6027800000026,10,73.45999999999907
457d9dcb-63a4-48cd-9261-07c532d28e4f,1,1763494616.2471035,12.97978999999969,77.6027900000026,10,73.42999999999907
457d9dcb-63a4-48cd-9261-07c532d28e4f,1,1763494616.7739959,12.97979999999969,77.6028000000026,10,73.39999999999907
457d9dcb-63a4-48cd-9261-07c532d28e4f,1,1763494617.283174,12.97980999999969,77.6028100000026,10,73.36999999999907
457d9dcb-63a4-48cd-9261-07c532d28e4f,1,1763494617.779118,12.97981999999969,77.60282000000261,10,73.33999999999907
457d9dcb-63a4-48cd-9261-07c532d28e4f,1,1763494618.2923193,12.979829999999689,77.60283000000261,10,73.30999999999906
457d9dcb-63a4-48cd-9261-07c532d28e4f,1,1763494618.808754,12.979839999999689,77.60284000000262,10,73.27999999999906
457d9dcb-63a4-48cd-9261-07c532d28e4f,1,1763494619.3185308,12.979849999999688,77.60285000000262,10,73.24999999999906
457d9dcb-63a4-48cd-9261-07c532d28e4f,1,1763494619.813896,12.979859999999688,77.60286000000262,10,73.21999999999906
457d9dcb-63a4-48cd-9261-07c532d28e4f,1,1763494620.3272223,12.979869999999687,77.60287000000262,10,73.18999999999906
457d9dcb-63a4-48cd-9261-07c532d28e4f,1,1763494620.842114,12.979879999999687,77.60288000000263,10,73.15999999999906
457d9dcb-63a4-48cd-9261-07c532d28e4f,1,1763494621.3407085,12.979889999999687,77.60289000000263,10,73.12999999999906
457d9dcb-63a4-48cd-9261-07c532d28e4f,1,1763494621.8674736,12.979899999999686,77.60290000000263,10,73.09999999999906
457d9dcb-63a4-48cd-9261-07c532d28e4f,1,1763494622.3792896,12.979909999999686,77.60291000000264,10,73.06999999999906
457d9dcb-63a4-48cd-9261-07c532d28e4f,1,1763494622.8797302,12.979919999999685,77.60292000000264,10,73.03999999999905
457d9dcb-63a4-48cd-9261-07c532d28e4f,1,1763494623.3937802,12.979929999999685,77.60293000000264,10,73.00999999999905
457d9dcb-63a4-48cd-9261-07c532d28e4f,1,1763494623.9029753,12.979939999999685,77.60294000000265,10,72.97999999999905
457d9dcb-63a4-48cd-9261-07c532d28e4f,1,1763494624.4167929,12.979949999999684,77.60295000000265,10,72.94999999999905
457d9dcb-63a4-48cd-9261-07c532d28e4f,1,1763494624.917774,12.979959999999684,77.60296000000265,10,72.91999999999905
457d9dcb-63a4-48cd-9261-07c532d28e4f,1,1763494625.4008148,12.979969999999684,77.60297000000266,10,72.88999999999905
457d9dcb-63a4-48cd-9261-07c532d28e4f,1,1763494625.8995378,12.979979999999683,77.60298000000266,10,72.85999999999905
457d9dcb-63a4-48cd-9261-07c532d28e4f,1,1763494626.4118705,12.979989999999683,77.60299000000266,10,72.82999999999905
457d9dcb-63a4-48cd-9261-07c532d28e4f,1,1763494626.90982,12.979999999999682,77.60300000000267,10,72.79999999999905
457d9dcb-63a4-48cd-9261-07c532d28e4f,1,1763494627.4231892,12.980009999999682,77.60301000000267,10,72.76999999999904
457d9dcb-63a4-48cd-9261-07c532d28e4f,1,1763494627.9358504,12.980019999999682,77.60302000000267,10,72.73999999999904
457d9dcb-63a4-48cd-9261-07c532d28e4f,1,1763494628.449949,12.980029999999681,77.60303000000268,10,72.70999999999904
457d9dcb-63a4-48cd-9261-07c532d28e4f,1,1763494628.9652355,12.980039999999681,77.60304000000268,10,72.67999999999904
457d9dcb-63a4-48cd-9261-07c532d28e4f,1,1763494629.4797072,12.98004999999968,77.60305000000268,10,72.64999999999904
457d9dcb-63a4-48cd-9261-07c532d28e4f,1,1763494629.9908316,12.98005999999968,77.60306000000269,10,72.61999999999904
457d9dcb-63a4-48cd-9261-07c532d28e4f,1,1763494630.4895833,12.98006999999968,77.60307000000269,10,72.58999999999904
457d9dcb-63a4-48cd-9261-07c532d28e4f,1,1763494631.0042806,12.98007999999968,77.60308000000269,10,72.55999999999904
457d9dcb-63a4-48cd-9261-07c532d28e4f,1,1763494631.5154011,12.980089999999679,77.6030900000027,10,72.52999999999903
457d9dcb-63a4-48cd-9261-07c532d28e4f,1,1763494632.0412083,12.980099999999679,77.6031000000027,10,72.49999999999903
457d9dcb-63a4-48cd-9261-07c532d28e4f,1,1763494632.5376072,12.980109999999678,77.6031100000027,10,72.46999999999903
457d9dcb-63a4-48cd-9261-07c532d28e4f,1,1763494633.05424,12.980119999999678,77.6031200000027,10,72.43999999999903
457d9dcb-63a4-48cd-9261-07c532d28e4f,1,1763494633.5638433,12.980129999999678,77.60313000000271,10,72.40999999999903
457d9dcb-63a4-48cd-9261-07c532d28e4f,1,1763494634.0633967,12.980139999999677,77.60314000000271,10,72.37999999999903
457d9dcb-63a4-48cd-9261-07c532d28e4f,1,1763494634.5803428,12.980149999999677,77.60315000000271,10,72.34999999999903
457d9dcb-63a4-48cd-9261-07c532d28e4f,1,1763494635.0925012,12.980159999999676,77.60316000000272,10,72.31999999999903
457d9dcb-63a4-48cd-9261-07c532d28e4f,1,1763494635.5913322,12.980169999999676,77.60317000000272,10,72.28999999999903
457d9dcb-63a4-48cd-9261-07c532d28e4f,1,1763494636.1178722,12.980179999999676,77.60318000000272,10,72.25999999999902
457d9dcb-63a4-48cd-9261-07c532d28e4f,1,1763494636.6314712,12.980189999999675,77.60319000000273,10,72.22999999999902
457d9dcb-63a4-48cd-9261-07c532d28e4f,1,1763494637.1514494,12.980199999999675,77.60320000000273,10,72.19999999999902
457d9dcb-63a4-48cd-9261-07c532d28e4f,1,1763494637.6470354,12.980209999999675,77.60321000000273,10,72.16999999999902
457d9dcb-63a4-48cd-9261-07c532d28e4f,1,1763494638.1624346,12.980219999999674,77.60322000000274,10,72.13999999999902
457d9dcb-63a4-48cd-9261-07c532d28e4f,1,1763494638.661044,12.980229999999674,77.60323000000274,10,72.10999999999902
457d9dcb-63a4-48cd-9261-07c532d28e4f,1,1763494639.1716812,12.980239999999673,77.60324000000274,10,72.07999999999902
457d9dcb-63a4-48cd-9261-07c532d28e4f,1,1763494639.6848016,12.980249999999673,77.60325000000275,10,72.04999999999902
457d9dcb-63a4-48cd-9261-07c532d28e4f,1,1763494640.213592,12.980259999999673,77.60326000000275,10,72.01999999999902
457d9dcb-63a4-48cd-9261-07c532d28e4f,1,1763494640.6968198,12.980269999999672,77.60327000000275,10,71.98999999999901
457d9dcb-63a4-48cd-9261-07c532d28e4f,1,1763494641.2083771,12.980279999999672,77.60328000000275,10,71.95999999999901
457d9dcb-63a4-48cd-9261-07c532d28e4f,1,1763494641.7217147,12.980289999999671,77.60329000000276,10,71.92999999999901
457d9dcb-63a4-48cd-9261-07c532d28e4f,1,1763494642.2195299,12.980299999999671,77.60330000000276,10,71.89999999999901
457d9dcb-63a4-48cd-9261-07c532d28e4f,1,1763494642.73194,12.98030999999967,77.60331000000276,10,71.86999999999901
457d9dcb-63a4-48cd-9261-07c532d28e4f,1,1763494643.2609923,12.98031999999967,77.60332000000277,10,71.83999999999901
457d9dcb-63a4-48cd-9261-07c532d28e4f,1,1763494643.7413945,12.98032999999967,77.60333000000277,10,71.80999999999901
457d9dcb-63a4-48cd-9261-07c532d28e4f,1,1763494644.2439423,12.98033999999967,77.60334000000277,10,71.779999999999
457d9dcb-63a4-48cd-9261-07c532d28e4f,1,1763494644.7558033,12.98034999999967,77.60335000000278,10,71.749999999999
457d9dcb-63a4-48cd-9261-07c532d28e4f,1,1763494645.2722769,12.980359999999669,77.60336000000278,10,71.719999999999
457d9dcb-63a4-48cd-9261-07c532d28e4f,1,1763494645.7858465,12.980369999999668,77.60337000000278,10,71.689999999999
457d9dcb-63a4-48cd-9261-07c532d28e4f,1,1763494646.3041866,12.980379999999668,77.60338000000279,10,71.659999999999
457d9dcb-63a4-48cd-9261-07c532d28e4f,1,1763494646.8096755,12.980389999999668,77.60339000000279,10,71.629999999999
457d9dcb-63a4-48cd-9261-07c532d28e4f,1,1763494647.3314574,12.980399999999667,77.6034000000028,10,71.599999999999
457d9dcb-63a4-48cd-9261-07c532d28e4f,1,1763494647.8442025,12.980409999999667,77.6034100000028,10,71.569999999999
457d9dcb-63a4-48cd-9261-07c532d28e4f,1,1763494648.341404,12.980419999999667,77.6034200000028,10,71.539999999999
457d9dcb-63a4-48cd-9261-07c532d28e4f,1,1763494648.8661351,12.980429999999666,77.6034300000028,10,71.509999999999
457d9dcb-63a4-48cd-9261-07c532d28e4f,1,1763494649.3785908,12.980439999999666,77.6034400000028,10,71.479999999999
457d9dcb-63a4-48cd-9261-07c532d28e4f,1,1763494649.8929367,12.980449999999665,77.60345000000281,10,71.449999999999
457d9dcb-63a4-48cd-9261-07c532d28e4f,1,1763494650.3892615,12.980459999999665,77.60346000000281,10,71.41999999999899
457d9dcb-63a4-48cd-9261-07c532d28e4f,1,1763494650.9167352,12.980469999999665,77.60347000000282,10,71.38999999999899
457d9dcb-63a4-48cd-9261-07c532d28e4f,1,1763494651.4289477,12.980479999999664,77.60348000000282,10,71.35999999999899
457d9dcb-63a4-48cd-9261-07c532d28e4f,1,1763494651.9405668,12.980489999999664,77.60349000000282,10,71.32999999999899
457d9dcb-63a4-48cd-9261-07c532d28e4f,1,1763494652.4425502,12.980499999999664,77.60350000000282,10,71.29999999999899
457d9dcb-63a4-48cd-9261-07c532d28e4f,1,1763494652.9567144,12.980509999999663,77.60351000000283,10,71.26999999999899
457d9dcb-63a4-48cd-9261-07c532d28e4f,1,1763494653.4703727,12.980519999999663,77.60352000000283,10,71.23999999999899
457d9dcb-63a4-48cd-9261-07c532d28e4f,1,1763494653.9708328,12.980529999999662,77.60353000000283,10,71.20999999999898
457d9dcb-63a4-48cd-9261-07c532d28e4f,1,1763494654.4841635,12.980539999999662,77.60354000000284,10,71.17999999999898
457d9dcb-63a4-48cd-9261-07c532d28e4f,1,1763494655.0119424,12.980549999999662,77.60355000000284,10,71.14999999999898
457d9dcb-63a4-48cd-9261-07c532d28e4f,1,1763494655.4987767,12.980559999999661,77.60356000000284,10,71.11999999999898
457d9dcb-63a4-48cd-9261-07c532d28e4f,1,1763494656.0102274,12.98056999999966,77.60357000000285,10,71.08999999999898
457d9dcb-63a4-48cd-9261-07c532d28e4f,1,1763494656.524206,12.98057999999966,77.60358000000285,10,71.05999999999898
457d9dcb-63a4-48cd-9261-07c532d28e4f,1,1763494657.022914,12.98058999999966,77.60359000000285,10,71.02999999999898
457d9dcb-63a4-48cd-9261-07c532d28e4f,1,1763494657.535136,12.98059999999966,77.60360000000286,10,70.99999999999898
457d9dcb-63a4-48cd-9261-07c532d28e4f,1,1763494658.0473046,12.98060999999966,77.60361000000286,10,70.96999999999898
457d9dcb-63a4-48cd-9261-07c532d28e4f,1,1763494658.5467682,12.980619999999659,77.60362000000286,10,70.93999999999897
457d9dcb-63a4-48cd-9261-07c532d28e4f,1,1763494659.0611212,12.980629999999659,77.60363000000287,10,70.90999999999897
457d9dcb-63a4-48cd-9261-07c532d28e4f,1,1763494659.5878596,12.980639999999658,77.60364000000287,10,70.87999999999897
457d9dcb-63a4-48cd-9261-07c532d28e4f,1,1763494660.0689206,12.980649999999658,77.60365000000287,10,70.84999999999897
457d9dcb-63a4-48cd-9261-07c532d28e4f,1,1763494660.5833085,12.980659999999657,77.60366000000288,10,70.81999999999897
457d9dcb-63a4-48cd-9261-07c532d28e4f,1,1763494661.0819857,12.980669999999657,77.60367000000288,10,70.78999999999897
457d9dcb-63a4-48cd-9261-07c532d28e4f,1,1763494661.582574,12.980679999999657,77.60368000000288,10,70.75999999999897
457d9dcb-63a4-48cd-9261-07c532d28e4f,1,1763494662.099748,12.980689999999656,77.60369000000289,10,70.72999999999897
457d9dcb-63a4-48cd-9261-07c532d28e4f,1,1763494662.61344,12.980699999999656,77.60370000000289,10,70.69999999999897
457d9dcb-63a4-48cd-9261-07c532d28e4f,1,1763494663.11304,12.980709999999656,77.60371000000289,10,70.66999999999896
457d9dcb-63a4-48cd-9261-07c532d28e4f,1,1763494663.6241636,12.980719999999655,77.6037200000029,10,70.63999999999896
457d9dcb-63a4-48cd-9261-07c532d28e4f,1,1763494664.1403844,12.980729999999655,77.6037300000029,10,70.60999999999896
457d9dcb-63a4-48cd-9261-07c532d28e4f,1,1763494664.6379316,12.980739999999654,77.6037400000029,10,70.57999999999896
457d9dcb-63a4-48cd-9261-07c532d28e4f,1,1763494665.1558843,12.980749999999654,77.6037500000029,10,70.54999999999896
457d9dcb-63a4-48cd-9261-07c532d28e4f,1,1763494665.6544924,12.980759999999654,77.60376000000291,10,70.51999999999896
457d9dcb-63a4-48cd-9261-07c532d28e4f,1,1763494666.1692986,12.980769999999653,77.60377000000291,10,70.48999999999896
457d9dcb-63a4-48cd-9261-07c532d28e4f,1,1763494666.6863227,12.980779999999653,77.60378000000291,10,70.45999999999896
457d9dcb-63a4-48cd-9261-07c532d28e4f,1,1763494667.202576,12.980789999999653,77.60379000000292,10,70.42999999999896
457d9dcb-63a4-48cd-9261-07c532d28e4f,1,1763494667.701207,12.980799999999652,77.60380000000292,10,70.39999999999895
457d9dcb-63a4-48cd-9261-07c532d28e4f,1,1763494668.2155685,12.980809999999652,77.60381000000292,10,70.36999999999895
457d9dcb-63a4-48cd-9261-07c532d28e4f,1,1763494668.744571,12.980819999999651,77.60382000000293,10,70.33999999999895
457d9dcb-63a4-48cd-9261-07c532d28e4f,1,1763494669.255767,12.980829999999651,77.60383000000293,10,70.30999999999895
457d9dcb-63a4-48cd-9261-07c532d28e4f,1,1763494669.7743278,12.98083999999965,77.60384000000293,10,70.27999999999895
457d9dcb-63a4-48cd-9261-07c532d28e4f,1,1763494670.2894385,12.98084999999965,77.60385000000294,10,70.24999999999895
457d9dcb-63a4-48cd-9261-07c532d28e4f,1,1763494670.8035834,12.98085999999965,77.60386000000294,10,70.21999999999895
457d9dcb-63a4-48cd-9261-07c532d28e4f,1,1763494671.300078,12.98086999999965,77.60387000000294,10,70.18999999999895
457d9dcb-63a4-48cd-9261-07c532d28e4f,1,1763494671.8130238,12.98087999999965,77.60388000000295,10,70.15999999999894
457d9dcb-63a4-48cd-9261-07c532d28e4f,1,1763494672.3286786,12.980889999999649,77.60389000000295,10,70.12999999999894
457d9dcb-63a4-48cd-9261-07c532d28e4f,1,1763494672.8404074,12.980899999999648,77.60390000000295,10,70.09999999999894
457d9dcb-63a4-48cd-9261-07c532d28e4f,1,1763494673.3423448,12.980909999999648,77.60391000000295,10,70.06999999999894
457d9dcb-63a4-48cd-9261-07c532d28e4f,1,1763494673.8685951,12.980919999999648,77.60392000000296,10,70.03999999999894
457d9dcb-63a4-48cd-9261-07c532d28e4f,1,1763494674.3664203,12.980929999999647,77.60393000000296,10,70.00999999999894
457d9dcb-63a4-48cd-9261-07c532d28e4f,1,1763494674.877185,12.980939999999647,77.60394000000296,10,69.97999999999894
457d9dcb-63a4-48cd-9261-07c532d28e4f,1,1763494675.4088395,12.980949999999646,77.60395000000297,10,69.94999999999894
457d9dcb-63a4-48cd-9261-07c532d28e4f,1,1763494675.9145691,12.980959999999646,77.60396000000297,10,69.91999999999894
457d9dcb-63a4-48cd-9261-07c532d28e4f,1,1763494676.4018648,12.980969999999646,77.60397000000297,10,69.88999999999893
457d9dcb-63a4-48cd-9261-07c532d28e4f,1,1763494676.9162307,12.980979999999645,77.60398000000298,10,69.85999999999893
457d9dcb-63a4-48cd-9261-07c532d28e4f,1,1763494677.4098523,12.980989999999645,77.60399000000298,10,69.82999999999893
457d9dcb-63a4-48cd-9261-07c532d28e4f,1,1763494677.9237213,12.980999999999645,77.60400000000298,10,69.79999999999893
457d9dcb-63a4-48cd-9261-07c532d28e4f,1,1763494678.4399753,12.981009999999644,77.60401000000299,10,69.76999999999893
457d9dcb-63a4-48cd-9261-07c532d28e4f,1,1763494678.9419794,12.981019999999644,77.60402000000299,10,69.73999999999893
457d9dcb-63a4-48cd-9261-07c532d28e4f,1,1763494679.4518304,12.981029999999643,77.604030000003,10,69.70999999999893
457d9dcb-63a4-48cd-9261-07c532d28e4f,1,1763494679.975727,12.981039999999643,77.604040000003,10,69.67999999999893
457d9dcb-63a4-48cd-9261-07c532d28e4f,1,1763494680.4904804,12.981049999999643,77.604050000003,10,69.64999999999893
457d9dcb-63a4-48cd-9261-07c532d28e4f,1,1763494681.0053284,12.981059999999642,77.604060000003,10,69.61999999999892
457d9dcb-63a4-48cd-9261-07c532d28e4f,1,1763494681.5382004,12.981069999999642,77.604070000003,10,69.58999999999892
457d9dcb-63a4-48cd-9261-07c532d28e4f,1,1763494682.060885,12.981079999999642,77.60408000000301,10,69.55999999999892
457d9dcb-63a4-48cd-9261-07c532d28e4f,1,1763494682.5818238,12.981089999999641,77.60409000000301,10,69.52999999999892
457d9dcb-63a4-48cd-9261-07c532d28e4f,1,1763494683.0799992,12.98109999999964,77.60410000000302,10,69.49999999999892
457d9dcb-63a4-48cd-9261-07c532d28e4f,1,1763494683.5930896,12.98110999999964,77.60411000000302,10,69.46999999999892
457d9dcb-63a4-48cd-9261-07c532d28e4f,1,1763494684.107071,12.98111999999964,77.60412000000302,10,69.43999999999892
457d9dcb-63a4-48cd-9261-07c532d28e4f,1,1763494684.6287773,12.98112999999964,77.60413000000302,10,69.40999999999892
457d9dcb-63a4-48cd-9261-07c532d28e4f,1,1763494685.1311073,12.98113999999964,77.60414000000303,10,69.37999999999892
457d9dcb-63a4-48cd-9261-07c532d28e4f,1,1763494685.6428363,12.981149999999639,77.60415000000303,10,69.34999999999891
457d9dcb-63a4-48cd-9261-07c532d28e4f,1,1763494686.1425874,12.981159999999639,77.60416000000303,10,69.31999999999891
457d9dcb-63a4-48cd-9261-07c532d28e4f,1,1763494686.6461763,12.981169999999638,77.60417000000304,10,69.28999999999891
457d9dcb-63a4-48cd-9261-07c532d28e4f,1,1763494687.1643655,12.981179999999638,77.60418000000304,10,69.25999999999891
457d9dcb-63a4-48cd-9261-07c532d28e4f,1,1763494687.682008,12.981189999999637,77.60419000000304,10,69.22999999999891
457d9dcb-63a4-48cd-9261-07c532d28e4f,1,1763494688.2429428,12.981199999999637,77.60420000000305,10,69.19999999999891
457d9dcb-63a4-48cd-9261-07c532d28e4f,1,1763494688.7586763,12.981209999999637,77.60421000000305,10,69.16999999999891
457d9dcb-63a4-48cd-9261-07c532d28e4f,1,1763494689.2725189,12.981219999999636,77.60422000000305,10,69.1399999999989
457d9dcb-63a4-48cd-9261-07c532d28e4f,1,1763494689.7834997,12.981229999999636,77.60423000000306,10,69.1099999999989
457d9dcb-63a4-48cd-9261-07c532d28e4f,1,1763494690.285766,12.981239999999636,77.60424000000306,10,69.0799999999989
457d9dcb-63a4-48cd-9261-07c532d28e4f,1,1763494690.783489,12.981249999999635,77.60425000000306,10,69.0499999999989
457d9dcb-63a4-48cd-9261-07c532d28e4f,1,1763494691.2818666,12.981259999999635,77.60426000000307,10,69.0199999999989
457d9dcb-63a4-48cd-9261-07c532d28e4f,1,1763494691.7640302,12.981269999999634,77.60427000000307,10,68.9899999999989
457d9dcb-63a4-48cd-9261-07c532d28e4f,1,1763494692.2936268,12.981279999999634,77.60428000000307,10,68.9599999999989
457d9dcb-63a4-48cd-9261-07c532d28e4f,1,1763494692.8048909,12.981289999999634,77.60429000000308,10,68.9299999999989
457d9dcb-63a4-48cd-9261-07c532d28e4f,1,1763494693.318746,12.981299999999633,77.60430000000308,10,68.8999999999989
457d9dcb-63a4-48cd-9261-07c532d28e4f,1,1763494693.8182712,12.981309999999633,77.60431000000308,10,68.8699999999989
457d9dcb-63a4-48cd-9261-07c532d28e4f,1,1763494694.3316467,12.981319999999632,77.60432000000309,10,68.8399999999989
457d9dcb-63a4-48cd-9261-07c532d28e4f,1,1763494694.8447196,12.981329999999632,77.60433000000309,10,68.8099999999989
457d9dcb-63a4-48cd-9261-07c532d28e4f,1,1763494695.3446925,12.981339999999632,77.60434000000309,10,68.77999999999889
457d9dcb-63a4-48cd-9261-07c532d28e4f,1,1763494695.8560238,12.981349999999631,77.6043500000031,10,68.74999999999889
457d9dcb-63a4-48cd-9261-07c532d28e4f,1,1763494696.3667972,12.981359999999631,77.6043600000031,10,68.71999999999889
457d9dcb-63a4-48cd-9261-07c532d28e4f,1,1763494696.884291,12.98136999999963,77.6043700000031,10,68.68999999999889
457d9dcb-63a4-48cd-9261-07c532d28e4f,1,1763494697.388396,12.98137999999963,77.6043800000031,10,68.65999999999889
457d9dcb-63a4-48cd-9261-07c532d28e4f,1,1763494697.9149911,12.98138999999963,77.60439000000311,10,68.62999999999889
457d9dcb-63a4-48cd-9261-07c532d28e4f,1,1763494698.4146307,12.98139999999963,77.60440000000311,10,68.59999999999889
457d9dcb-63a4-48cd-9261-07c532d28e4f,1,1763494698.9168658,12.981409999999629,77.60441000000311,10,68.56999999999888
457d9dcb-63a4-48cd-9261-07c532d28e4f,1,1763494699.3992536,12.981419999999629,77.60442000000312,10,68.53999999999888
457d9dcb-63a4-48cd-9261-07c532d28e4f,1,1763494699.9151342,12.981429999999628,77.60443000000312,10,68.50999999999888
457d9dcb-63a4-48cd-9261-07c532d28e4f,1,1763494700.414666,12.981439999999628,77.60444000000312,10,68.47999999999888
457d9dcb-63a4-48cd-9261-07c532d28e4f,1,1763494700.9048839,12.981449999999628,77.60445000000313,10,68.44999999999888
457d9dcb-63a4-48cd-9261-07c532d28e4f,1,1763494701.4054441,12.981459999999627,77.60446000000313,10,68.41999999999888
457d9dcb-63a4-48cd-9261-07c532d28e4f,1,1763494701.9064689,12.981469999999627,77.60447000000313,10,68.38999999999888
457d9dcb-63a4-48cd-9261-07c532d28e4f,1,1763494702.407839,12.981479999999626,77.60448000000314,10,68.35999999999888
457d9dcb-63a4-48cd-9261-07c532d28e4f,1,1763494702.9099371,12.981489999999626,77.60449000000314,10,68.32999999999888
457d9dcb-63a4-48cd-9261-07c532d28e4f,1,1763494703.4143076,12.981499999999626,77.60450000000314,10,68.29999999999887
457d9dcb-63a4-48cd-9261-07c532d28e4f,1,1763494703.8940408,12.981509999999625,77.60451000000315,10,68.26999999999887
457d9dcb-63a4-48cd-9261-07c532d28e4f,1,1763494704.4141655,12.981519999999625,77.60452000000315,10,68.23999999999887
457d9dcb-63a4-48cd-9261-07c532d28e4f,1,1763494704.924012,12.981529999999625,77.60453000000315,10,68.20999999999887
457d9dcb-63a4-48cd-9261-07c532d28e4f,1,1763494705.4206986,12.981539999999624,77.60454000000315,10,68.17999999999887
457d9dcb-63a4-48cd-9261-07c532d28e4f,1,1763494705.933227,12.981549999999624,77.60455000000316,10,68.14999999999887
457d9dcb-63a4-48cd-9261-07c532d28e4f,1,1763494706.433596,12.981559999999623,77.60456000000316,10,68.11999999999887
457d9dcb-63a4-48cd-9261-07c532d28e4f,1,1763494706.9231215,12.981569999999623,77.60457000000316,10,68.08999999999887
457d9dcb-63a4-48cd-9261-07c532d28e4f,1,1763494707.4244964,12.981579999999623,77.60458000000317,10,68.05999999999887
457d9dcb-63a4-48cd-9261-07c532d28e4f,1,1763494707.934155,12.981589999999622,77.60459000000317,10,68.02999999999886
457d9dcb-63a4-48cd-9261-07c532d28e4f,1,1763494708.447937,12.981599999999622,77.60460000000317,10,67.99999999999886
457d9dcb-63a4-48cd-9261-07c532d28e4f,1,1763494708.9612439,12.981609999999622,77.60461000000318,10,67.96999999999886
457d9dcb-63a4-48cd-9261-07c532d28e4f,1,1763494709.4751894,12.981619999999621,77.60462000000318,10,67.93999999999886
457d9dcb-63a4-48cd-9261-07c532d28e4f,1,1763494709.9742422,12.98162999999962,77.60463000000318,10,67.90999999999886
457d9dcb-63a4-48cd-9261-07c532d28e4f,1,1763494710.4899933,12.98163999999962,77.60464000000319,10,67.87999999999886
457d9dcb-63a4-48cd-9261-07c532d28e4f,1,1763494711.0022454,12.98164999999962,77.60465000000319,10,67.84999999999886
457d9dcb-63a4-48cd-9261-07c532d28e4f,1,1763494711.4982357,12.98165999999962,77.6046600000032,10,67.81999999999886
457d9dcb-63a4-48cd-9261-07c532d28e4f,1,1763494712.013809,12.98166999999962,77.6046700000032,10,67.78999999999886
457d9dcb-63a4-48cd-9261-07c532d28e4f,1,1763494712.5252903,12.981679999999619,77.6046800000032,10,67.75999999999885
457d9dcb-63a4-48cd-9261-07c532d28e4f,1,1763494713.024108,12.981689999999618,77.6046900000032,10,67.72999999999885
457d9dcb-63a4-48cd-9261-07c532d28e4f,1,1763494713.5403743,12.981699999999618,77.6047000000032,10,67.69999999999885
457d9dcb-63a4-48cd-9261-07c532d28e4f,1,1763494714.052441,12.981709999999618,77.60471000000321,10,67.66999999999885
457d9dcb-63a4-48cd-9261-07c532d28e4f,1,1763494714.5526137,12.981719999999617,77.60472000000321,10,67.63999999999885
457d9dcb-63a4-48cd-9261-07c532d28e4f,1,1763494715.0490813,12.981729999999617,77.60473000000322,10,67.60999999999885
457d9dcb-63a4-48cd-9261-07c532d28e4f,1,1763494715.5623431,12.981739999999617,77.60474000000322,10,67.57999999999885
457d9dcb-63a4-48cd-9261-07c532d28e4f,1,1763494716.0746896,12.981749999999616,77.60475000000322,10,67.54999999999885
457d9dcb-63a4-48cd-9261-07c532d28e4f,1,1763494716.5880325,12.981759999999616,77.60476000000322,10,67.51999999999884
457d9dcb-63a4-48cd-9261-07c532d28e4f,1,1763494717.0993202,12.981769999999615,77.60477000000323,10,67.48999999999884
457d9dcb-63a4-48cd-9261-07c532d28e4f,1,1763494717.5996594,12.981779999999615,77.60478000000323,10,67.45999999999884
457d9dcb-63a4-48cd-9261-07c532d28e4f,1,1763494718.112181,12.981789999999615,77.60479000000323,10,67.42999999999884
457d9dcb-63a4-48cd-9261-07c532d28e4f,1,1763494718.623225,12.981799999999614,77.60480000000324,10,67.39999999999884
457d9dcb-63a4-48cd-9261-07c532d28e4f,1,1763494719.1206958,12.981809999999614,77.60481000000324,10,67.36999999999884
457d9dcb-63a4-48cd-9261-07c532d28e4f,1,1763494719.6333082,12.981819999999614,77.60482000000324,10,67.33999999999884
457d9dcb-63a4-48cd-9261-07c532d28e4f,1,1763494720.144563,12.981829999999613,77.60483000000325,10,67.30999999999884
457d9dcb-63a4-48cd-9261-07c532d28e4f,1,1763494720.6395977,12.981839999999613,77.60484000000325,10,67.27999999999884
457d9dcb-63a4-48cd-9261-07c532d28e4f,1,1763494721.1536443,12.981849999999612,77.60485000000325,10,67.24999999999883
457d9dcb-63a4-48cd-9261-07c532d28e4f,1,1763494721.667957,12.981859999999612,77.60486000000326,10,67.21999999999883
457d9dcb-63a4-48cd-9261-07c532d28e4f,1,1763494722.197879,12.981869999999612,77.60487000000326,10,67.18999999999883
457d9dcb-63a4-48cd-9261-07c532d28e4f,1,1763494722.697125,12.981879999999611,77.60488000000326,10,67.15999999999883
457d9dcb-63a4-48cd-9261-07c532d28e4f,1,1763494723.2119865,12.981889999999611,77.60489000000327,10,67.12999999999883
457d9dcb-63a4-48cd-9261-07c532d28e4f,1,1763494723.725684,12.98189999999961,77.60490000000327,10,67.09999999999883
457d9dcb-63a4-48cd-9261-07c532d28e4f,1,1763494724.2278934,12.98190999999961,77.60491000000327,10,67.06999999999883
457d9dcb-63a4-48cd-9261-07c532d28e4f,1,1763494724.739446,12.98191999999961,77.60492000000328,10,67.03999999999883
457d9dcb-63a4-48cd-9261-07c532d28e4f,1,1763494725.2551646,12.98192999999961,77.60493000000328,10,67.00999999999883
457d9dcb-63a4-48cd-9261-07c532d28e4f,1,1763494725.756476,12.981939999999609,77.60494000000328,10,66.97999999999882
457d9dcb-63a4-48cd-9261-07c532d28e4f,1,1763494726.2708457,12.981949999999609,77.60495000000329,10,66.94999999999882
457d9dcb-63a4-48cd-9261-07c532d28e4f,1,1763494726.7856822,12.981959999999608,77.60496000000329,10,66.91999999999882
457d9dcb-63a4-48cd-9261-07c532d28e4f,1,1763494727.2914283,12.981969999999608,77.60497000000329,10,66.88999999999882
457d9dcb-63a4-48cd-9261-07c532d28e4f,1,1763494727.8428395,12.981979999999608,77.6049800000033,10,66.85999999999882
457d9dcb-63a4-48cd-9261-07c532d28e4f,1,1763494728.3713949,12.981989999999607,77.6049900000033,10,66.82999999999882
457d9dcb-63a4-48cd-9261-07c532d28e4f,1,1763494728.8856256,12.981999999999607,77.6050000000033,10,66.79999999999882
457d9dcb-63a4-48cd-9261-07c532d28e4f,1,1763494729.3661091,12.982009999999606,77.6050100000033,10,66.76999999999882
457d9dcb-63a4-48cd-9261-07c532d28e4f,1,1763494729.8817215,12.982019999999606,77.60502000000331,10,66.73999999999882
457d9dcb-63a4-48cd-9261-07c532d28e4f,1,1763494730.4305792,12.982029999999606,77.60503000000331,10,66.70999999999881
457d9dcb-63a4-48cd-9261-07c532d28e4f,1,1763494730.9458146,12.982039999999605,77.60504000000331,10,66.67999999999881
457d9dcb-63a4-48cd-9261-07c532d28e4f,1,1763494731.444031,12.982049999999605,77.60505000000332,10,66.64999999999881
457d9dcb-63a4-48cd-9261-07c532d28e4f,1,1763494731.9561908,12.982059999999604,77.60506000000332,10,66.61999999999881
457d9dcb-63a4-48cd-9261-07c532d28e4f,1,1763494732.4399009,12.982069999999604,77.60507000000332,10,66.58999999999881
457d9dcb-63a4-48cd-9261-07c532d28e4f,1,1763494732.937249,12.982079999999604,77.60508000000333,10,66.55999999999881
457d9dcb-63a4-48cd-9261-07c532d28e4f,1,1763494733.4498081,12.982089999999603,77.60509000000333,10,66.52999999999881
457d9dcb-63a4-48cd-9261-07c532d28e4f,1,1763494733.9649553,12.982099999999603,77.60510000000333,10,66.4999999999988
457d9dcb-63a4-48cd-9261-07c532d28e4f,1,1763494734.4735603,12.982109999999603,77.60511000000334,10,66.4699999999988
457d9dcb-63a4-48cd-9261-07c532d28e4f,1,1763494734.9880037,12.982119999999602,77.60512000000334,10,66.4399999999988
457d9dcb-63a4-48cd-9261-07c532d28e4f,1,1763494735.4873133,12.982129999999602,77.60513000000334,10,66.4099999999988
457d9dcb-63a4-48cd-9261-07c532d28e4f,1,1763494736.0037768,12.982139999999601,77.60514000000335,10,66.3799999999988
457d9dcb-63a4-48cd-9261-07c532d28e4f,1,1763494736.500559,12.982149999999601,77.60515000000335,10,66.3499999999988
457d9dcb-63a4-48cd-9261-07c532d28e4f,1,1763494737.0147352,12.9821599999996,77.60516000000335,10,66.3199999999988
457d9dcb-63a4-48cd-9261-07c532d28e4f,1,1763494737.541763,12.9821699999996,77.60517000000335,10,66.2899999999988
457d9dcb-63a4-48cd-9261-07c532d28e4f,1,1763494738.0549457,12.9821799999996,77.60518000000336,10,66.2599999999988
457d9dcb-63a4-48cd-9261-07c532d28e4f,1,1763494738.573893,12.9821899999996,77.60519000000336,10,66.2299999999988
457d9dcb-63a4-48cd-9261-07c532d28e4f,1,1763494739.0682824,12.9821999999996,77.60520000000336,10,66.1999999999988
457d9dcb-63a4-48cd-9261-07c532d28e4f,1,1763494739.58586,12.982209999999599,77.60521000000337,10,66.1699999999988
457d9dcb-63a4-48cd-9261-07c532d28e4f,1,1763494740.0817368,12.982219999999598,77.60522000000337,10,66.13999999999879
457d9dcb-63a4-48cd-9261-07c532d28e4f,1,1763494740.5967832,12.982229999999598,77.60523000000337,10,66.10999999999879
457d9dcb-63a4-48cd-9261-07c532d28e4f,1,1763494741.1102114,12.982239999999598,77.60524000000338,10,66.07999999999879
457d9dcb-63a4-48cd-9261-07c532d28e4f,1,1763494741.6253095,12.982249999999597,77.60525000000338,10,66.04999999999879
457d9dcb-63a4-48cd-9261-07c532d28e4f,1,1763494742.1223059,12.982259999999597,77.60526000000338,10,66.01999999999879
457d9dcb-63a4-48cd-9261-07c532d28e4f,1,1763494742.637086,12.982269999999597,77.60527000000339,10,65.98999999999879
457d9dcb-63a4-48cd-9261-07c532d28e4f,1,1763494743.1345909,12.982279999999596,77.60528000000339,10,65.95999999999879
457d9dcb-63a4-48cd-9261-07c532d28e4f,1,1763494743.6346717,12.982289999999596,77.6052900000034,10,65.92999999999878
457d9dcb-63a4-48cd-9261-07c532d28e4f,1,1763494744.1494024,12.982299999999595,77.6053000000034,10,65.89999999999878
457d9dcb-63a4-48cd-9261-07c532d28e4f,1,1763494744.6641052,12.982309999999595,77.6053100000034,10,65.86999999999878
457d9dcb-63a4-48cd-9261-07c532d28e4f,1,1763494745.158276,12.982319999999595,77.6053200000034,10,65.83999999999878
457d9dcb-63a4-48cd-9261-07c532d28e4f,1,1763494745.656783,12.982329999999594,77.6053300000034,10,65.80999999999878
457d9dcb-63a4-48cd-9261-07c532d28e4f,1,1763494746.147168,12.982339999999594,77.60534000000341,10,65.77999999999878
457d9dcb-63a4-48cd-9261-07c532d28e4f,1,1763494746.6525266,12.982349999999593,77.60535000000341,10,65.74999999999878
457d9dcb-63a4-48cd-9261-07c532d28e4f,1,1763494747.1546106,12.982359999999593,77.60536000000342,10,65.71999999999878
457d9dcb-63a4-48cd-9261-07c532d28e4f,1,1763494747.6531937,12.982369999999593,77.60537000000342,10,65.68999999999878
457d9dcb-63a4-48cd-9261-07c532d28e4f,1,1763494748.1810942,12.982379999999592,77.60538000000342,10,65.65999999999877
457d9dcb-63a4-48cd-9261-07c532d28e4f,1,1763494748.6793823,12.982389999999592,77.60539000000342,10,65.62999999999877
457d9dcb-63a4-48cd-9261-07c532d28e4f,1,1763494749.1926086,12.982399999999592,77.60540000000343,10,65.59999999999877
457d9dcb-63a4-48cd-9261-07c532d28e4f,1,1763494749.7077038,12.982409999999591,77.60541000000343,10,65.56999999999877
457d9dcb-63a4-48cd-9261-07c532d28e4f,1,1763494750.206857,12.98241999999959,77.60542000000343,10,65.53999999999877
457d9dcb-63a4-48cd-9261-07c532d28e4f,1,1763494750.7179735,12.98242999999959,77.60543000000344,10,65.50999999999877
457d9dcb-63a4-48cd-9261-07c532d28e4f,1,1763494751.2322078,12.98243999999959,77.60544000000344,10,65.47999999999877
457d9dcb-63a4-48cd-9261-07c532d28e4f,1,1763494751.731742,12.98244999999959,77.60545000000344,10,65.44999999999877
457d9dcb-63a4-48cd-9261-07c532d28e4f,1,1763494752.2580268,12.98245999999959,77.60546000000345,10,65.41999999999877
457d9dcb-63a4-48cd-9261-07c532d28e4f,1,1763494752.774585,12.982469999999589,77.60547000000345,10,65.38999999999876
457d9dcb-63a4-48cd-9261-07c532d28e4f,1,1763494753.2752461,12.982479999999589,77.60548000000345,10,65.35999999999876
457d9dcb-63a4-48cd-9261-07c532d28e4f,1,1763494753.7874699,12.982489999999588,77.60549000000346,10,65.32999999999876
457d9dcb-63a4-48cd-9261-07c532d28e4f,1,1763494754.2856402,12.982499999999588,77.60550000000346,10,65.29999999999876
457d9dcb-63a4-48cd-9261-07c532d28e4f,1,1763494754.7697654,12.982509999999587,77.60551000000346,10,65.26999999999876
457d9dcb-63a4-48cd-9261-07c532d28e4f,1,1763494755.2823558,12.982519999999587,77.60552000000347,10,65.23999999999876
457d9dcb-63a4-48cd-9261-07c532d28e4f,1,1763494755.796752,12.982529999999587,77.60553000000347,10,65.20999999999876
457d9dcb-63a4-48cd-9261-07c532d28e4f,1,1763494756.2963789,12.982539999999586,77.60554000000347,10,65.17999999999876
457d9dcb-63a4-48cd-9261-07c532d28e4f,1,1763494756.810372,12.982549999999586,77.60555000000348,10,65.14999999999876
457d9dcb-63a4-48cd-9261-07c532d28e4f,1,1763494757.3267581,12.982559999999586,77.60556000000348,10,65.11999999999875
457d9dcb-63a4-48cd-9261-07c532d28e4f,1,1763494757.8292646,12.982569999999585,77.60557000000348,10,65.08999999999875
457d9dcb-63a4-48cd-9261-07c532d28e4f,1,1763494758.3407855,12.982579999999585,77.60558000000348,10,65.05999999999875
457d9dcb-63a4-48cd-9261-07c532d28e4f,1,1763494758.8416104,12.982589999999584,77.60559000000349,10,65.02999999999875
457d9dcb-63a4-48cd-9261-07c532d28e4f,1,1763494759.356168,12.982599999999584,77.60560000000349,10,64.99999999999875
457d9dcb-63a4-48cd-9261-07c532d28e4f,1,1763494759.868653,12.982609999999584,77.6056100000035,10,64.96999999999875
457d9dcb-63a4-48cd-9261-07c532d28e4f,1,1763494760.3712056,12.982619999999583,77.6056200000035,10,64.93999999999875
457d9dcb-63a4-48cd-9261-07c532d28e4f,1,1763494760.884465,12.982629999999583,77.6056300000035,10,64.90999999999875
457d9dcb-63a4-48cd-9261-07c532d28e4f,1,1763494761.3854458,12.982639999999583,77.6056400000035,10,64.87999999999874
457d9dcb-63a4-48cd-9261-07c532d28e4f,1,1763494761.8665695,12.982649999999582,77.60565000000351,10,64.84999999999874
457d9dcb-63a4-48cd-9261-07c532d28e4f,1,1763494762.3798761,12.982659999999582,77.60566000000351,10,64.81999999999874
457d9dcb-63a4-48cd-9261-07c532d28e4f,1,1763494762.8944132,12.982669999999581,77.60567000000351,10,64.78999999999874
457d9dcb-63a4-48cd-9261-07c532d28e4f,1,1763494763.390827,12.982679999999581,77.60568000000352,10,64.75999999999874
457d9dcb-63a4-48cd-9261-07c532d28e4f,1,1763494763.9047856,12.98268999999958,77.60569000000352,10,64.72999999999874
457d9dcb-63a4-48cd-9261-07c532d28e4f,1,1763494764.404267,12.98269999999958,77.60570000000352,10,64.69999999999874
457d9dcb-63a4-48cd-9261-07c532d28e4f,1,1763494764.9203565,12.98270999999958,77.60571000000353,10,64.66999999999874
457d9dcb-63a4-48cd-9261-07c532d28e4f,1,1763494765.438696,12.98271999999958,77.60572000000353,10,64.63999999999874
457d9dcb-63a4-48cd-9261-07c532d28e4f,1,1763494765.9618328,12.982729999999579,77.60573000000353,10,64.60999999999873
457d9dcb-63a4-48cd-9261-07c532d28e4f,1,1763494766.475809,12.982739999999579,77.60574000000354,10,64.57999999999873
457d9dcb-63a4-48cd-9261-07c532d28e4f,1,1763494766.982958,12.982749999999578,77.60575000000354,10,64.54999999999873
457d9dcb-63a4-48cd-9261-07c532d28e4f,1,1763494767.489773,12.982759999999578,77.60576000000354,10,64.51999999999873
457d9dcb-63a4-48cd-9261-07c532d28e4f,1,1763494768.002405,12.982769999999578,77.60577000000355,10,64.48999999999873
457d9dcb-63a4-48cd-9261-07c532d28e4f,1,1763494768.514435,12.982779999999577,77.60578000000355,10,64.45999999999873
457d9dcb-63a4-48cd-9261-07c532d28e4f,1,1763494769.041312,12.982789999999577,77.60579000000355,10,64.42999999999873
457d9dcb-63a4-48cd-9261-07c532d28e4f,1,1763494769.537412,12.982799999999576,77.60580000000355,10,64.39999999999873
